{
  /* This is the BuckleScript configuration file. Note that this is a comment;
  BuckleScript comes with a JSON parser that supports comments and trailing
  comma. If this screws with your editor highlighting, please tell us by filing
  an issue! */
  "name": "clock",
  "reason": { "react-jsx": 2 },
  "refmt": 3,
  "bs-dependencies": ["reason-react", "bs-director", "bs-glamor", "bs-node"],
  "bsc-flags": ["-bs-no-version-header", "-bs-super-errors"],
  "sources": [
    {
      "dir": "src"
    }
  ]
}
